#{"t_start": 1783678883.705587, "env_id": "None"}
r,l,t
-87.215101,22,3.531517
-93.662367,11,3.554811
-83.798316,24,3.612442
-90.295823,15,3.644366
-88.708221,18,3.686716
-90.011701,16,3.722645
-95.441627,9,3.743062
-90.146598,16,3.778778
-87.152225,20,3.828976
-96.347945,8,3.846808
-95.920594,9,3.868035
-89.219326,17,3.910167
-51.762031,64,4.065485
-78.873087,29,4.133811
-82.950854,25,4.192416
-92.341592,13,4.221559
-91.914367,13,4.256359
-91.070396,15,4.292205
-95.418424,9,4.312369
-83.185902,25,4.374009
-92.815327,12,4.40052
-93.112057,12,4.426175
-86.499145,21,4.492903
-94.523427,11,4.5167
-84.977825,23,4.56901
-94.298199,10,4.594416
-88.949065,18,4.632128
-86.521461,21,4.680183
-89.937398,16,4.716528
-92.155242,15,4.748576
-89.817878,17,4.788571
-96.010528,8,4.809465
-95.614623,9,4.829682
-92.801441,14,4.861338
-94.488524,10,4.88208
-80.750827,27,4.951793
-86.054638,20,4.994188
-90.448847,16,5.035668
-85.227226,22,5.082613
-93.933437,12,5.114254
-94.29674,11,5.140712
-88.897197,19,5.182009
-90.570476,16,5.232335
-87.640793,18,5.280395
-85.908056,21,5.331985
-87.896234,19,5.375427
-82.022175,27,5.436173
-77.320137,32,5.508196
-92.643054,14,5.538446
-83.064206,24,5.594409
-93.233599,11,5.617837
-93.416254,13,5.645124
-89.388825,17,5.687541
-95.614623,9,5.707262
-93.310638,13,5.735806
-87.911944,20,5.785071
-83.97273,24,5.841831
-82.253924,26,5.907975
-88.471492,19,5.950547
-92.59241,13,5.990012
-90.33216,16,6.025721
-87.583694,20,6.069615
-87.694002,18,6.112913
-85.324097,25,6.166971
-85.256766,22,6.221475
-85.108819,23,6.271224
-92.01928,15,6.307186
-94.658227,10,6.331062
-89.340876,17,6.368543
-91.070062,16,6.40308
-88.586188,19,6.44847
-87.911203,19,6.49368
-83.034898,25,6.550977
-90.039213,18,6.58968
-88.471628,18,6.628004
-91.242674,15,6.667283
-88.38142,19,6.707882
-91.639368,14,6.737639
-85.48175,21,6.789485
-92.441592,13,6.8183
-89.145075,18,6.862505
-75.348553,33,6.93355
-84.297481,23,6.988546
-92.48997,14,7.019352
-85.158099,23,7.073145
-89.281167,17,7.110587
-96.127935,8,7.128504
-84.494959,23,7.181134
-91.933612,14,7.211834
-93.66158,12,7.239352
-86.697061,20,7.281159
-76.404938,32,7.355138
-69.919007,39,7.445548
-80.94119,27,7.507846
-90.648063,16,7.545222
-73.068866,39,7.632023
-83.61863,25,7.686453
-86.039298,24,7.753298
-84.12649,24,7.812589
-85.897011,21,7.875874
-90.051292,17,7.915589
-90.85496,15,7.955583
-78.991617,31,8.027152
-92.33367,14,8.065347
-91.09342,16,8.101776
-87.100421,20,8.145436
-89.575608,17,8.186799
-93.674602,12,8.212727
-90.283477,16,8.247234
-86.886278,20,10.520517
-80.104019,27,10.591103
-82.237925,25,10.660228
-80.553673,29,10.735396
-90.638709,17,10.771224
-79.569691,29,10.838588
-67.849049,42,10.931534
-87.938581,20,10.97441
-76.534716,32,11.046773
-90.937169,16,11.081204
-36.566669,79,11.256962
-93.130042,13,11.286417
-89.74592,17,11.32261
-94.079321,11,11.350795
-90.097263,16,11.390333
-87.748848,18,11.430066
-90.081058,16,11.468632
-78.545314,32,11.540013
-85.225277,22,11.591693
-84.643924,26,11.66292
-83.66508,26,11.725804
-65.476969,44,11.824181
-86.251894,21,11.869567
-82.682858,24,11.930151
-93.13073,12,11.956694
-84.641907,23,12.00899
-79.974526,29,12.071349
-86.522054,22,12.123576
-86.592755,21,12.172353
-82.960119,24,12.228038
-79.632268,28,12.29126
-79.933226,30,12.360711
-73.810488,35,12.440708
-86.971319,20,12.485251
-88.244015,20,12.527696
-73.94539,34,12.605129
-72.087616,37,12.691062
-70.72982,38,12.777481
-88.488589,18,12.819951
-81.210778,27,12.881337
-69.167421,42,12.975434
-65.479025,44,13.082011
-74.527631,35,13.192318
-88.707427,20,13.251467
-51.031801,64,13.401941
-87.664755,20,13.449086
-81.378494,27,13.507412
-84.3501,24,13.566099
-80.657658,28,13.625122
-80.53433,27,13.687932
-80.428201,31,13.752542
-93.612667,13,13.785941
-74.833911,35,13.869641
-74.513075,38,13.955152
-61.689363,53,14.072177
-79.823337,28,14.142169
-92.646203,14,14.172702
-83.714163,26,14.233549
-70.193385,40,14.322663
-82.073503,26,14.38684
-93.815813,11,14.414186
-54.323906,60,14.550487
-86.414362,20,14.593089
-82.902718,25,14.65119
-90.129868,16,14.684825
-86.22786,21,14.733105
-87.507845,21,14.7803
-90.949927,15,14.814716
-94.26067,11,14.845793
-74.958423,34,14.942186
-77.481195,31,15.039651
-90.976942,16,15.084876
-80.785562,28,15.151266
-90.173779,17,15.196327
-81.155584,29,15.264651
-78.391036,30,15.337505
-73.524981,36,17.729637
-88.07391,15,17.772021
-65.301884,45,17.872434
-40.449064,84,18.058962
-60.981794,49,18.168169
-74.44156,37,18.247317
-66.770837,45,18.348031
-40.218544,78,18.573839
-79.72369,29,18.648811
-53.985568,61,18.789222
-77.923848,30,18.857517
-83.145129,26,18.916023
-79.351545,28,18.975758
-74.682238,36,19.056759
-60.11857,52,19.172566
-87.391249,21,19.218295
-77.302914,33,19.294796
-76.036969,35,19.374929
-72.284595,37,19.458475
-85.891511,22,19.50795
-91.058125,16,19.541972
-82.723584,22,19.596203
-93.610879,11,19.620561
-90.235844,18,19.659926
-63.853881,46,19.773272
-51.368958,61,19.920768
-40.149585,81,20.098157
-89.682963,17,20.140464
-72.275014,37,20.222386
-73.686117,40,20.310215
-80.130792,28,20.376601
-71.765346,41,20.472
-79.934709,31,20.539694
-82.364681,26,20.601919
-68.778795,40,20.692939
-63.149178,49,20.804539
-84.236998,25,20.859633
-59.722519,51,20.974561
-62.559996,51,21.094825
-83.11496,25,21.151277
-70.52498,40,21.24292
-70.123074,39,21.331684
-77.38869,31,21.398366
-61.543428,51,21.513396
-24.817238,90,21.717803
-53.936783,59,21.856421
-73.865203,35,21.932902
-87.577198,20,21.980605
-69.775801,45,22.080892
-80.237704,28,22.142997
-52.136676,61,22.277452
-91.367973,15,22.316961
-39.27944,80,24.699892
-69.247276,42,24.799147
-29.55929,90,24.99519
-86.786165,17,25.03137
-35.660358,84,25.216865
-32.59334,87,25.409313
-64.79372,45,25.509901
-61.428252,49,25.623365
-26.803861,93,25.828411
-66.963555,43,25.921109
-82.037452,26,25.980733
-50.977899,67,26.130263
-60.811896,51,26.245401
-72.67308,37,26.331318
-59.305604,53,26.456415
-63.209887,49,26.567321
-32.52751,85,26.766013
-93.211825,13,26.79701
-30.788401,87,27.002101
-54.477404,60,27.137886
-81.514088,27,27.195977
-77.458269,33,27.269668
-22.537297,92,27.477046
-45.353549,67,27.624898
-60.929868,52,27.739323
-53.763933,62,27.874272
-51.411513,68,28.027504
-57.348821,63,28.165802
-38.381198,81,28.347695
-60.045922,51,28.460753
-56.271769,57,28.59553
-75.723076,37,28.683411
-65.269902,44,28.785325
-74.77114,34,28.86022
-60.319117,52,28.976259
-89.664369,13,29.010944
-40.631708,80,29.213681
-25.241415,91,31.643928
-31.668408,86,31.834063
-28.085718,89,32.035712
-60.613409,51,32.150612
-71.25026,37,32.239402
-50.844934,69,32.397353
-32.534318,88,32.590918
-15.702569,96,32.836363
-40.080392,78,33.010002
-37.604561,80,33.195085
-72.799754,36,33.276862
-54.371872,63,33.42434
-35.160411,84,33.629931
-22.176819,91,33.848971
-29.500629,87,34.050633
-26.696539,91,34.268318
-35.313847,86,34.475445
-36.018835,83,34.695603
-62.64173,49,34.848835
-23.028502,90,35.071861
-24.282047,95,35.290395
-30.376856,88,35.483113
-45.560912,67,35.631023
-28.041323,91,35.833727
-39.88833,84,36.020635
-19.957257,93,36.220175
-24.748754,89,38.79503
-34.599395,83,38.9789
-19.945661,93,39.206228
-27.773578,91,39.413027
-15.847663,101,39.638268
-32.3687,87,39.828205
-30.846491,85,40.070671
78.42221,209,40.544053
79.955796,210,41.097973
-34.712899,87,41.284348
-29.887307,86,41.487733
-12.411808,105,41.740228
-20.923601,92,41.947726
-20.111985,94,42.158557
91.342981,220,42.652274
-44.722387,73,42.81672
-39.163684,81,43.004569
-32.375472,83,43.190662
-26.70572,88,45.620992
-70.016152,39,45.703077
-20.890345,97,45.927558
-23.566543,91,46.128548
-25.012221,90,46.325073
-26.011947,90,46.522989
82.647247,211,46.981188
-32.803237,86,47.169529
84.274676,214,47.634034
34.263022,157,47.976611
-20.250348,95,48.185477
-23.291901,90,48.384424
-25.28768,91,48.585296
-37.502938,86,48.772197
-27.812095,89,48.971067
-18.926761,92,49.176611
-16.562556,100,49.40015
-25.95903,89,49.606321
-26.014624,90,49.811742
84.777286,216,52.541316
-14.614166,97,52.772666
-9.176481,102,53.033425
-12.023556,98,53.258357
338.798575,394,54.423666
-29.375255,89,54.676197
195.972612,335,55.682311
-23.073983,94,55.968761
382.872195,451,57.347591
-15.99051,95,57.591381
818.849625,695,61.543244
814.209109,702,63.232704
820.046468,701,64.941396
817.4912,706,69.614179
818.11987,707,71.387559
815.256275,704,73.53078
79.707538,212,76.37922
393.166073,448,77.404142
-12.577057,100,77.660344
-20.376088,95,77.931261
819.5272,704,79.587444
445.059856,511,80.744763
821.577528,697,84.918126
821.182753,695,86.598802
818.698979,699,88.966984
819.810806,696,93.68434
821.883111,690,95.675158
821.387541,690,97.245857
189.434435,325,100.284549
820.411566,691,101.83968
820.97014,690,103.44513
819.253562,689,107.740092
820.934744,685,109.279383
820.492674,686,110.839321
820.337137,694,114.651738
817.039926,697,116.237385
821.922189,692,117.789991
821.184131,694,121.709201
822.330481,695,123.313182
77.744366,210,123.806767
818.659325,700,125.400742
822.622128,693,129.281969
822.95217,694,130.830308
820.171116,693,132.399877
393.263804,439,135.682239
821.841293,688,137.259696
822.004684,687,138.837888
821.753075,693,142.686731
820.251522,691,144.257374
820.526211,689,145.829745
822.373705,686,149.710519
821.768757,686,151.244599
822.008976,686,152.793352
820.471213,689,156.603735
822.989085,687,158.140868
822.066744,685,159.697715
823.160431,686,163.551059
822.248488,686,165.161355
823.700205,686,166.691915
822.864829,686,170.495753
821.803617,685,172.035888
820.539493,686,173.611632
821.352946,684,177.452326
820.10338,683,178.967763
820.104855,684,180.507954
819.474088,684,184.257881
818.565955,682,185.83323
817.993166,683,187.429119
821.248759,683,191.155001
822.235262,682,192.67805
820.783241,683,194.222654
819.789521,683,198.888398
818.468804,683,200.6853
816.797974,684,202.728781
815.976573,682,207.321127
817.659929,683,209.138737
816.521827,682,210.851388
816.224079,682,215.295666
815.994057,683,216.976869
816.596344,682,218.613412
591.961744,656,222.85823
818.367962,685,224.566481
818.540128,684,226.232964
819.001459,683,230.444858
819.215604,682,232.218781
818.828009,683,234.01275
817.198173,681,237.979211
816.958952,682,239.761424
819.26071,682,241.407968
818.223742,683,245.578309
819.550386,683,247.266558
817.349648,683,248.973793
819.287525,682,253.08363
820.825633,682,254.760545
819.240292,682,256.544996
821.290263,682,260.607006
815.652652,684,262.316206
816.968053,683,264.006405
819.345151,682,268.285597
816.883615,684,269.955683
817.071647,683,271.723759
817.691957,683,275.798124
817.876429,683,277.563862
818.717968,682,279.336921
817.073113,682,283.377593
818.198207,681,285.066286
813.695257,682,286.74377
815.504847,683,291.166622
83.457677,205,291.863653
818.111889,681,293.867021
816.323547,681,295.748461
818.569706,681,300.183182
816.42287,681,301.960269
814.888296,683,303.836171
819.376459,684,308.263135
819.576814,682,310.115246
820.201817,683,311.865594
819.042979,681,316.201862
819.262326,682,317.95964
816.144146,683,319.790386
89.184968,209,322.897099
819.097868,681,324.860464
816.744792,681,326.55269
381.289417,429,327.653659
814.341218,681,331.93612
816.614386,682,333.64973
814.69732,680,335.801363
817.523318,680,340.875334
814.801427,681,342.892282
816.839527,680,344.696295
817.752584,680,349.137751
817.066078,682,350.797087
816.908271,682,352.561306
813.894053,683,356.667557
818.148632,682,358.44253
814.718252,682,360.150504
819.501932,682,364.558826
820.274375,682,366.228009
818.664291,682,367.939312
818.150082,682,372.684215
816.35953,683,373.630657
816.853705,681,374.357052
816.800855,682,376.345456
818.870666,681,377.166556
820.299624,681,377.982374
820.249097,682,379.966474
820.245192,682,380.805752
822.333945,682,381.71217
819.86631,682,383.883483
819.334643,682,384.723316
823.611899,682,385.588515
821.651587,682,387.74857
820.398583,681,388.656655
822.917204,682,389.584502
817.636838,683,391.700732
818.841815,682,392.576846
817.742205,682,393.436684
822.837612,681,395.595897
823.156881,681,396.417626
821.107035,682,397.349914
820.162561,682,399.392067
821.177952,682,400.227859
819.818786,681,401.079445
818.488055,681,403.078032
819.218365,682,403.874761
821.284429,681,404.662216
821.173044,682,406.588094
820.125839,682,407.22325
819.723056,682,407.844693
818.889285,681,409.635509
818.68745,680,410.290594
819.620933,680,410.918194
819.267675,680,412.526482
818.245589,680,413.15136
817.648364,680,413.783166
818.903697,681,415.430107
819.128845,680,416.063054
819.414435,682,416.691201
821.036629,680,418.306352
821.288079,682,418.926704
818.747837,682,419.569673
819.263741,682,421.211961
818.21456,682,421.859749
818.088704,681,422.585511
818.055061,682,424.229417
819.788017,682,424.882293
821.770358,682,425.509253
820.34707,681,427.146029
820.097518,682,427.753959
821.09984,682,428.371749
820.512372,682,429.964134
819.941188,684,430.581361
821.720649,681,431.236385
818.46527,682,432.874772
820.513303,680,433.496702
820.667018,681,434.126976
817.923086,681,435.727488
819.374931,683,436.383693
817.693796,682,437.005867
815.43843,681,438.609365
819.006153,682,439.232169
816.169523,681,439.863398
390.612375,437,441.382193
813.425931,681,442.034222
814.625527,680,442.657996
813.183287,681,444.307174
811.550214,678,444.930731
811.567181,678,445.550311
813.14244,679,447.187394
811.925966,679,447.807178
813.51324,682,448.429227
812.15431,680,450.006442
809.721717,681,450.622332
594.662309,663,451.221086
812.37913,681,452.96281
810.916224,679,453.574704
811.079517,679,454.1893
808.976981,676,455.775384
812.301032,678,456.409128
813.271372,679,457.061029
814.391294,679,458.657734
815.008386,679,459.280132
813.823007,680,459.911473
812.824163,679,461.534312
807.827327,678,462.192808
808.687538,679,462.805056
589.216041,657,464.367427
79.893734,205,464.558649
806.789101,677,465.180454
804.554421,677,465.792222
806.713528,677,467.412714
804.881808,676,468.024586
806.188487,675,468.637027
806.006304,675,470.225581
808.765024,676,470.835807
808.65308,677,471.445297
809.645278,677,473.083983
807.890522,678,473.708147
812.207535,678,474.321343
808.682889,678,475.906642
808.308062,677,476.524677
808.270813,677,477.138148
807.415723,678,478.791206
807.672444,677,479.446435
807.28199,676,480.057166
809.595269,676,481.645465
808.901148,676,482.256676
808.958574,676,482.883953
808.063954,676,484.488579
807.820168,676,485.113194
806.339438,674,485.715972
806.101904,674,487.313348
808.383019,676,487.925353
807.902554,676,488.566971
807.638972,677,490.163409
806.940479,674,490.778458
806.476316,674,491.390403
807.773182,676,492.963842
807.202498,675,493.609417
807.771918,674,494.220007
807.215024,674,495.78412
805.556036,673,496.399272
807.075914,672,497.016778
806.019104,672,498.658898
809.610499,676,499.288665
810.063126,676,499.913538
808.48085,673,501.478885
809.985023,674,502.105547
807.614537,675,502.727706
808.146594,674,504.33589
806.602779,672,505.01954
807.530642,673,505.721298
806.073962,674,507.813388
804.526332,671,508.556136
805.622231,672,509.321244
805.95679,673,511.124925
807.789798,673,511.835132
806.29489,672,512.547506
807.306085,673,513.243269
805.420706,672,515.084886
806.893469,673,515.809088
804.342269,673,516.54757
805.156555,673,518.466657
805.877373,673,519.102663
804.59889,671,519.80231
804.930758,670,521.581543
804.555254,672,522.290701
803.239232,670,522.925988
